﻿<?xml version="1.0" encoding="utf-8" ?>
<uexplugins>
    <plugin uexName="uexVideo" version="4.2.2" build = "22">
        <info>22:三星手机的bug</info>
        <info>21:会员功能UI样式调整及上一句功能和titleBar显示的状态</info>
        <info>20:新版本uexVideo插件,退出时恢复状态栏</info>
        <info>19:新版本uexVideo插件</info>
        <info>18:支持播放https协议的视频</info>
        <info>17:调用closePlayerWarn后,设置竖屏返回</info>
        <info>16:openPlayer接口新增orientationAfterExit参数</info>
        <info>15:openPlayer接口新增exitMsgContent参数</info>
        <info>14:openPlayer以横屏模式打开播放器,关闭播放器时设置回竖屏</info>
        <info>13:openPlayer接口打开的播放器,默认横屏显示</info>
        <info>12:添加isVideoOpen方法,判断view类的视频是否打开</info>
        <info>11:添加closePlayerWarn方法</info>
        <info>10:添加退出确认及视频标题</info>
        <info>9:添加进度条控制参数</info>
        <info>8:修复record及播放问题</info>
        <build>7:新增videoPicker接口</build>
        <build>6:openPlayer接口新增isAutoEndFullScreen参数</build>
        <build>5:视屏全屏播放时显示为横屏</build>
        <build>4:宽高支持传小数</build>
        <build>3:支持endTime</build>
        <build>2:UI改版</build>
        <build>1:添加播放完毕后的监听</build>
        <build>0:4.0</build>
    </plugin>
</uexplugins>
